name,height,location
VAISHNAV,183,CHINA
TONY,167,INDIA
MAZEEN,172,DUBAI
JASON,186,FRANCE
PRADEEP,170,GERMANY
RUBY,176,SWEDEN
EMILY,183,USA
GRACE,169,UK
JESSICA,161,AUSTRALIA
CHLOE,151,NEW ZEALAND
SOPHIE,176,UAE
LILY,155,CANADA
AMELIA,181,BRAZIL
EVIE,159,RUSSIA
MIA,162,USA
ELLA,173,USA
CHARLOTTE,163,FRANCE
LUCY,183,INDIA
MEGAN,187,GERMANY
ELLIE,155,CANADA
ISABELLE,171,USA
ISABELLA,175,RUSSIA
HANNAH,172,INDIA
KATIE,174,USA
AVA,165,DUBAI
HOLLY,154,GERMANY
SUMMER,185,UAE
MILLIE,188,CHINA
DAISY,180,FRANCE
PHOEBE,155,SWEDEN
FREYA,184,GERMANY
ABIGAIL,158,UAE
POPPY,190,NEW ZEALAND
ERIN,177,INDIA
EMMA,167,NEW ZEALAND
MOLLY,183,FRANCE
IMOGEN,157,CHINA
AMY,188,GERMANY
JASMINE,152,USA
ISLA,179,USA
SCARLETT,183,DUBAI
LEAH,190,CANADA
SOPHIA,152,UK
ELIZABETH,185,FRANCE
EVA,168,DUBAI
BROOKE,164,SWEDEN
MATILDA,181,SWEDEN
CAITLIN,189,NEW ZEALAND
KEIRA,189,RUSSIA
ALICE,152,RUSSIA
LOLA,165,BRAZIL
LILLY,157,DUBAI
AMBER,189,AUSTRALIA
ISABEL,174,SWEDEN
LAUREN,175,INDIA
GEORGIA,181,DUBAI
GRACIE,160,CANADA
ELEANOR,155,BRAZIL
BETHANY,158,BRAZIL
MADISON,178,UK
AMELIE,177,DUBAI
ISOBEL,187,UK
PAIGE,183,DUBAI
LACEY,155,UK
SIENNA,168,RUSSIA
LIBBY,152,AUSTRALIA
MAISIE,172,INDIA
ANNA,161,CANADA
REBECCA,185,BRAZIL
ROSIE,177,DUBAI
TIA,164,UAE
LAYLA,182,FRANCE
MAYA,171,GERMANY
NIAMH,161,FRANCE
ZARA,153,GERMANY
SARAH,187,USA
LEXI,181,FRANCE
MADDISON,188,DUBAI
ALISHA,164,GERMANY
SOFIA,173,CHINA
SKYE,179,BRAZIL
NICOLE,170,SWEDEN
LEXIE,172,RUSSIA
FAITH,181,CANADA
MARTHA,158,UAE
HARRIET,188,DUBAI
ZOE,151,CANADA
EVE,173,FRANCE
JULIA,163,UAE
AIMEE,156,CHINA
HOLLIE,182,AUSTRALIA
LYDIA,181,SWEDEN
EVELYN,168,SWEDEN
ALEXANDRA,189,INDIA
MARIA,174,CHINA
FRANCESCA,175,SWEDEN
TILLY,181,DUBAI
FLORENCE,175,INDIA
ALICIA,183,BRAZIL
ABBIE,157,CANADA
EMILIA,160,FRANCE
COURTNEY,184,USA
MARYAM,161,GERMANY
ESME,154,NEW ZEALAND
JACK,162,UAE
OLIVER,173,BRAZIL
THOMAS,172,NEW ZEALAND
HARRY,180,NEW ZEALAND
JOSHUA,172,RUSSIA
ALFIE,187,INDIA
CHARLIE,177,CANADA
DANIEL,159,CHINA
JAMES,181,RUSSIA
WILLIAM,176,RUSSIA
SAMUEL,176,INDIA
GEORGE,165,SWEDEN
JOSEPH,163,DUBAI
LEWIS,176,RUSSIA
ETHAN,155,SWEDEN
MOHAMMED,177,DUBAI
DYLAN,158,INDIA
BENJAMIN,183,SWEDEN
ALEXANDER,186,CHINA
JACOB,157,UAE
RYAN,167,UK
LIAM,152,UAE
JAKE,176,CANADA
MAX,153,SWEDEN
LUKE,168,RUSSIA
TYLER,168,FRANCE
CALLUM,175,CANADA
MATTHEW,173,UK
JAYDEN,161,BRAZIL
OSCAR,179,SWEDEN
ARCHIE,175,GERMANY
ADAM,173,INDIA
RILEY,157,SWEDEN
HARVEY,150,SWEDEN
HARRISON,167,RUSSIA
LUCAS,189,DUBAI
MUHAMMAD,166,AUSTRALIA
HENRY,155,UAE
ISAAC,178,UAE
LEO,179,FRANCE
CONNOR,184,CANADA
EDWARD,174,BRAZIL
FINLEY,178,BRAZIL
LOGAN,154,AUSTRALIA
NOAH,178,DUBAI
CAMERON,162,USA
ALEX,185,INDIA
OWEN,169,CANADA
RHYS,150,USA
NATHAN,154,BRAZIL
JAMIE,153,UAE
MICHAEL,188,FRANCE
MASON,170,GERMANY
TOBY,186,CANADA
AARON,185,CANADA
CHARLES,162,USA
BEN,161,SWEDEN
THEO,181,SWEDEN
LOUIS,160,USA
FREDDIE,170,CHINA
FINLAY,158,AUSTRALIA
LEON,181,GERMANY
HARLEY,184,RUSSIA
DAVID,162,CANADA
MOHAMMAD,151,NEW ZEALAND
REECE,152,DUBAI
KIAN,179,RUSSIA
KAI,169,UK
KYLE,188,FRANCE
BRANDON,184,INDIA
HAYDEN,182,AUSTRALIA
ZACHARY,160,RUSSIA
KIERAN,151,GERMANY
LUCA,177,AUSTRALIA
ASHTON,159,USA
BAILEY,178,SWEDEN
SEBASTIAN,181,RUSSIA
GABRIEL,188,NEW ZEALAND
SAM,168,UAE
EVAN,151,BRAZIL
BRADLEY,172,SWEDEN
ELLIOT,157,CHINA
JOHN,187,UK
TAYLOR,172,UK
JOE,159,CHINA
COREY,177,UK
REUBEN,183,UAE
JOEL,170,FRANCE
ROBERT,188,CANADA
ELLIS,162,UK
BLAKE,151,BRAZIL
AIDAN,166,UK
LOUIE,166,DUBAI
CHRISTOPHER,169,SWEDEN
EWAN,172,AUSTRALIA
JAY,162,CANADA
MORGAN,168,CHINA
BILLY,151,CHINA
SEAN,156,AUSTRALIA
ZAK,189,RUSSIA
